V1,V2,Corr
TempHighF,TempAvgF,0.9708984821720863
TempHighF,TempLowF,0.8817641437182125
TempHighF,DewPointHighF,0.8104358876712009
TempHighF,DewPointAvgF,0.8067407177731517
TempHighF,DewPointLowF,0.7634033601802189
TempHighF,HumidityHighPercent,0.1402602524897735
TempHighF,HumidityAvgPercent,-0.10876317696813478
TempHighF,HumidityLowPercent,-0.25059561868009106
TempHighF,SeaLevelPressureHighInches,-0.675561056518221
TempHighF,SeaLevelPressureAvgInches,-0.6134592151646159
TempHighF,SeaLevelPressureLowInches,-0.5324696957869519
TempHighF,VisibilityHighMiles,0.10059349559257862
TempHighF,VisibilityAvgMiles,0.29368295593412425
TempHighF,VisibilityLowMiles,0.20268624706448174
TempHighF,WindHighMPH,0.02120587967481539
TempHighF,WindAvgMPH,-0.004595047289922485
TempHighF,WindGustMPH,0.0382673851678868
TempAvgF,TempLowF,0.968732521498175
TempAvgF,DewPointHighF,0.8810923284006301
TempAvgF,DewPointAvgF,0.8949380177804325
TempAvgF,DewPointLowF,0.8637251637811092
TempAvgF,HumidityHighPercent,0.2126398321145927
TempAvgF,HumidityAvgPercent,0.03328331043146266
TempAvgF,HumidityLowPercent,-0.08941408105296227
TempAvgF,SeaLevelPressureHighInches,-0.6940369099298258
TempAvgF,SeaLevelPressureAvgInches,-0.6221455248362632
TempAvgF,SeaLevelPressureLowInches,-0.5358434005264135
TempAvgF,VisibilityHighMiles,0.09138137397220975
TempAvgF,VisibilityAvgMiles,0.2095753317649431
TempAvgF,VisibilityLowMiles,0.11243238078177777
TempAvgF,WindHighMPH,0.021804087406786268
TempAvgF,WindAvgMPH,0.03802764077707862
TempAvgF,WindGustMPH,0.03586345379045571
TempLowF,DewPointHighF,0.901223848130763
TempLowF,DewPointAvgF,0.932111133292706
TempLowF,DewPointLowF,0.9150305156383937
TempLowF,HumidityHighPercent,0.27516851064352665
TempLowF,HumidityAvgPercent,0.17862686163483416
TempLowF,HumidityLowPercent,0.08301127212237545
TempLowF,SeaLevelPressureHighInches,-0.6710740019270933
TempLowF,SeaLevelPressureAvgInches,-0.5936367207155754
TempLowF,SeaLevelPressureLowInches,-0.507258270399635
TempLowF,VisibilityHighMiles,0.07497021961236373
TempLowF,VisibilityAvgMiles,0.10940468741057426
TempLowF,VisibilityLowMiles,0.01114408831554202
TempLowF,WindHighMPH,0.022391867000061245
TempLowF,WindAvgMPH,0.07916080360049721
TempLowF,WindGustMPH,0.0320474929531168
DewPointHighF,DewPointAvgF,0.9658900403218712
DewPointHighF,DewPointLowF,0.8943051359017934
DewPointHighF,HumidityHighPercent,0.5240406310021823
DewPointHighF,HumidityAvgPercent,0.41169162390911085
DewPointHighF,HumidityLowPercent,0.2631633365692738
DewPointHighF,SeaLevelPressureHighInches,-0.703942911536382
DewPointHighF,SeaLevelPressureAvgInches,-0.6671282325240552
DewPointHighF,SeaLevelPressureLowInches,-0.6060133910119196
DewPointHighF,VisibilityHighMiles,0.0489047494195881
DewPointHighF,VisibilityAvgMiles,-0.06119729061352241
DewPointHighF,VisibilityLowMiles,-0.18704213104631814
DewPointHighF,WindHighMPH,0.10404200881508371
DewPointHighF,WindAvgMPH,0.07893386707169622
DewPointHighF,WindGustMPH,0.11581508761246374
DewPointAvgF,DewPointLowF,0.9664767208715365
DewPointAvgF,HumidityHighPercent,0.5335861324087843
DewPointAvgF,HumidityAvgPercent,0.45385657368579563
DewPointAvgF,HumidityLowPercent,0.31837894246601434
DewPointAvgF,SeaLevelPressureHighInches,-0.6929063867837805
DewPointAvgF,SeaLevelPressureAvgInches,-0.6314341807104729
DewPointAvgF,SeaLevelPressureLowInches,-0.5464285923828182
DewPointAvgF,VisibilityHighMiles,0.04762114797275279
DewPointAvgF,VisibilityAvgMiles,-0.06441452087596879
DewPointAvgF,VisibilityLowMiles,-0.17745347583939322
DewPointAvgF,WindHighMPH,0.03851855605850879
DewPointAvgF,WindAvgMPH,0.03879579938256146
DewPointAvgF,WindGustMPH,0.04919787598933146
DewPointLowF,HumidityHighPercent,0.49063318486636415
DewPointLowF,HumidityAvgPercent,0.46072256609960194
DewPointLowF,HumidityLowPercent,0.3562910407311215
DewPointLowF,SeaLevelPressureHighInches,-0.6460334419363892
DewPointLowF,SeaLevelPressureAvgInches,-0.556930828379088
DewPointLowF,SeaLevelPressureLowInches,-0.45914179286814044
DewPointLowF,VisibilityHighMiles,0.04238436095186033
DewPointLowF,VisibilityAvgMiles,-0.03460596294942353
DewPointLowF,VisibilityLowMiles,-0.14365497736178096
DewPointLowF,WindHighMPH,-0.029928008200426476
DewPointLowF,WindAvgMPH,8.35385347508902e-05
DewPointLowF,WindGustMPH,-0.023405415972412327
HumidityHighPercent,HumidityAvgPercent,0.8231466646730575
HumidityHighPercent,HumidityLowPercent,0.5557095616420573
HumidityHighPercent,SeaLevelPressureHighInches,-0.2965445795603662
HumidityHighPercent,SeaLevelPressureAvgInches,-0.2859158094099836
HumidityHighPercent,SeaLevelPressureLowInches,-0.254948038881674
HumidityHighPercent,VisibilityHighMiles,-0.04531789965256272
HumidityHighPercent,VisibilityAvgMiles,-0.43155977941735085
HumidityHighPercent,VisibilityLowMiles,-0.5268530882425148
HumidityHighPercent,WindHighMPH,-0.0008061886106886795
HumidityHighPercent,WindAvgMPH,-0.089579720441398
HumidityHighPercent,WindGustMPH,-0.007505435179395615
HumidityAvgPercent,HumidityLowPercent,0.9279006167108764
HumidityAvgPercent,SeaLevelPressureHighInches,-0.18736040765165046
HumidityAvgPercent,SeaLevelPressureAvgInches,-0.18124445176355092
HumidityAvgPercent,SeaLevelPressureLowInches,-0.15795011020932484
HumidityAvgPercent,VisibilityHighMiles,-0.10335444050791959
HumidityAvgPercent,VisibilityAvgMiles,-0.5847957835357107
HumidityAvgPercent,VisibilityLowMiles,-0.6381569401858166
HumidityAvgPercent,WindHighMPH,0.011528758597387695
HumidityAvgPercent,WindAvgMPH,-0.0015600503612139425
HumidityAvgPercent,WindGustMPH,0.005645204684465563
HumidityLowPercent,SeaLevelPressureHighInches,-0.08051786634041792
HumidityLowPercent,SeaLevelPressureAvgInches,-0.07826350396261562
HumidityLowPercent,SeaLevelPressureLowInches,-0.06449939375752148
HumidityLowPercent,VisibilityHighMiles,-0.12236997824634653
HumidityLowPercent,VisibilityAvgMiles,-0.5744140540348515
HumidityLowPercent,VisibilityLowMiles,-0.5906388333832682
HumidityLowPercent,WindHighMPH,0.01588438388988655
HumidityLowPercent,WindAvgMPH,0.056275390438949385
HumidityLowPercent,WindGustMPH,0.01275487983508705
SeaLevelPressureHighInches,SeaLevelPressureAvgInches,0.9695813922849085
SeaLevelPressureHighInches,SeaLevelPressureLowInches,0.9025250845549629
SeaLevelPressureHighInches,VisibilityHighMiles,-0.04595434180686896
SeaLevelPressureHighInches,VisibilityAvgMiles,0.03309677867977218
SeaLevelPressureHighInches,VisibilityLowMiles,0.10061203722397813
SeaLevelPressureHighInches,WindHighMPH,-0.14246893260291327
SeaLevelPressureHighInches,WindAvgMPH,-0.11305170816403778
SeaLevelPressureHighInches,WindGustMPH,-0.17597258117877917
SeaLevelPressureAvgInches,SeaLevelPressureLowInches,0.9712342527301802
SeaLevelPressureAvgInches,VisibilityHighMiles,-0.03978146145145544
SeaLevelPressureAvgInches,VisibilityAvgMiles,0.06645776070340943
SeaLevelPressureAvgInches,VisibilityLowMiles,0.1317783412392066
SeaLevelPressureAvgInches,WindHighMPH,-0.23224209517806332
SeaLevelPressureAvgInches,WindAvgMPH,-0.18322226536234584
SeaLevelPressureAvgInches,WindGustMPH,-0.269522803134786
SeaLevelPressureLowInches,VisibilityHighMiles,-0.038776232977145324
SeaLevelPressureLowInches,VisibilityAvgMiles,0.0810505039502027
SeaLevelPressureLowInches,VisibilityLowMiles,0.1532210425443904
SeaLevelPressureLowInches,WindHighMPH,-0.3180597072705436
SeaLevelPressureLowInches,WindAvgMPH,-0.2577716550724736
SeaLevelPressureLowInches,WindGustMPH,-0.35482762676164503
VisibilityHighMiles,VisibilityAvgMiles,0.21448751715495093
VisibilityHighMiles,VisibilityLowMiles,0.08312647857164218
VisibilityHighMiles,WindHighMPH,0.06115838328784454
VisibilityHighMiles,WindAvgMPH,0.033998140543415406
VisibilityHighMiles,WindGustMPH,0.057494438731759204
VisibilityAvgMiles,VisibilityLowMiles,0.8012713429902215
VisibilityAvgMiles,WindHighMPH,-0.07715348547636969
VisibilityAvgMiles,WindAvgMPH,0.021970658260371475
VisibilityAvgMiles,WindGustMPH,-0.05688278839190914
VisibilityLowMiles,WindHighMPH,-0.1862387043258303
VisibilityLowMiles,WindAvgMPH,-0.0004118482252863397
VisibilityLowMiles,WindGustMPH,-0.16722758927659445
WindHighMPH,WindAvgMPH,0.6688520997764649
WindHighMPH,WindGustMPH,0.9312152703543446
WindAvgMPH,WindGustMPH,0.6869568171625811
